회차,문제번호,배점,시대,유형,테마,시대,핵심,테그,
31,1,1,전삼국,시기구분형,유물,기원과 형성,구석기 시대,,
31,2,2,전삼국,국가구분형,국가,기원과 형성,"고구려, 삼한",,
31,3,2,삼국,국가구분형,국가,고대사회,금관가야,,
31,4,2,삼국,시기구분형,왕,고대사회,"고구려, 삼한",,
31,5,3,삼국,해석형,왕,고대사회,신라 진흥왕 업적,,
31,6,2,삼국,해석형,사건,고대사회,나제 동맹,,
31,7,2,삼국,시기구분형,사건,고대사회,백제 부흥 운동 ,,
31,8,1,삼국,해석형,문화,고대사회,정림사지 오층 석탑,,
31,9,3,삼국,해석형,인물,고대사회,"신라 의상, 원효",,
31,10,2,삼국,해석형,문화,고대사회,고대 삼국 무덤 양식,,
31,11,2,남북국,해석형,왕,고대사회,신라 문무왕 업적,,
31,12,1,남북국,시기구분형,사건,고대사회,장보고의 난,,
31,13,2,남북국,암기형,문화,고대사회,발해,,
31,14,2,고려,해석형,인물,,,,
31,15,3,고려,시기구분형,경제,,,,
31,16,2,복합,공간구분형,기타,,,,
31,17,1,고려,해석형,왕,,,,
31,18,3,고려,암기형,문화,,,,
31,19,2,고려,해석형,사건,,,,
31,20,2,고려,시기구분형,사건,,,,
31,21,2,조선,해석형,인물,,,,
31,22,3,조선,테마형,사건,,,,
31,23,2,조선,암기형,사회,,,,
31,24,2,조선,해석형,인물,,,,
31,25,2,조선,암기형,제도,,,,
31,26,2,조선,해석형,사건,,,,
31,27,3,조선,암기형,왕,,,,
31,28,2,복합,암기형,문화,,,,
31,29,1,근대조선,해석형,사건,,,,
31,30,1,조선,해석형,문화,,,,
31,31,2,조선,시기구분형,사회,,,,
31,32,2,조선,테마형,인물,,,,
31,33,3,근대조선,정리형,사건,,,,
31,34,3,근대조선,해석형,사건,,,,
31,35,2,근대조선,암기형,사건,,,,
31,36,1,근대조선,해석형,사건,,,,
31,37,2,근대조선,정리형,단체,,,,
31,38,2,근대조선,정리형,단체,,,,
31,39,1,기타,암기형,기타,,,,
31,40,1,일제강점기,해석형,사회,,,,
31,41,2,근대조선,테마형,단체,,,,
31,42,3,일제강점기,공간구분형,단체,,,,
31,43,2,일제강점기,테마형,단체,,,,
31,44,2,일제강점기,해석형,문화,,,,
31,45,2,일제강점기,해석형,사건,,,,
31,46,1,일제강점기,해석형,단체,,,,
31,47,2,해방이후,해석형,경제,,,,
31,48,3,해방이후,시기구분형,사건,,,,
31,49,2,해방이후,해석형,사건,,,,
31,50,2,해방이후,테마형,사건,,,,
32,1,1,전삼국,시기구분형,유물,,,,
32,2,2,삼국,암기형,왕,,,,
32,3,2,전삼국,국가구분형,국가,,,,
32,4,2,삼국,테마형,사건,,,,
32,5,3,남북국,해석형,사회,,,,
32,6,1,삼국,암기형,문화,,,,
32,7,2,복합,암기형,문화,,,,
32,8,3,남북국,해석형,사건,,,,
32,9,2,남북국,시기구분형,사건,,,,
32,10,2,남북국,해석형,인물,,,,
32,11,2,남북국,테마형,왕,,,,
32,12,2,복합,암기형,문화,,,,
32,13,3,고려,테마형,제도,,,,
32,14,1,고려,테마형,왕,,,,
32,15,3,고려,시기구분형,사건,,,,
32,16,2,고려,해석형,사건,,,,
32,17,2,고려,암기형,제도,,,,
32,18,1,고려,테마형,왕,,,,
32,19,2,고려,암기형,문화,,,,
32,20,2,복합,공간구분형,복합,,,,
32,21,2,조선,테마형,사건,,,,
32,22,2,조선,암기형,문화,,,,
32,23,1,조선,암기형,왕,,,,
32,24,2,조선,해석형,제도,,,,
32,25,3,조선,해석형,경제,,,,
32,26,2,조선,암기형,문화,,,,
32,27,2,조선,해석형,제도,,,,
32,28,3,조선,테마형,사건,,,,
32,29,2,조선,암기형,문화,,,,
32,30,1,기타,테마형,기타,,,,
32,31,2,조선,테마형,사건,,,,
32,32,2,근대조선,정리형,인물,,,,
32,33,2,근대조선,암기형,인물,,,,
32,34,2,근대조선,해석형,사건,,,,
32,35,3,근대조선,정리형,단체,,,,
32,36,1,근대조선,해석형,사건,,,,
32,37,2,일제강점기,해석형,사건,,,,
32,38,3,근대조선,테마형,사건,,,,
32,39,2,일제강점기,해석형,문화,,,,
32,40,1,근대조선,테마형,인물,,,,
32,41,2,일제강점기,정리형,인물,,,,
32,42,1,일제강점기,시기구분형,사회,,,,
32,43,3,일제강점기,해석형,사건,,,,
32,44,2,일제강점기,테마형,단체,,,,
32,45,2,해방이후,시기구분형,사건,,,,
32,46,2,복합,정리형,인물,,,,
32,47,2,일제강점기,테마형,경제,,,,
32,48,2,해방이후,테마형,제도,,,,
32,49,1,해방이후,테마형,제도,,,,
32,50,3,해방이후,암기형,사건,,,,
33,1,1,전삼국,해석형,유물,,,,
33,2,2,전삼국,국가구분형,국가,,,,
33,3,2,고려,공간구분형,복합,,,,
33,4,2,삼국,정리형,왕,,,,
33,5,1,삼국,암기형,문화,,,,
33,6,2,삼국,시기구분형,사건,,,,
33,7,3,삼국,테마형,사건,,,,
33,8,2,삼국,암기형,제도,,,,
33,9,3,삼국,테마형,문화,,,,
33,10,2,삼국,국가구분형,국가,,,,
33,11,2,남북국,시기구분형,사회,,,,
33,12,1,남북국,국가구분형,제도,,,,
33,13,2,기타,테마형,기타,,,,
33,14,1,고려,정리형,왕,,,,
33,15,2,고려,테마형,인물,,,,
33,16,3,고려,암기형,제도,,,,
33,17,3,고려,해석형,문화,,,,
33,18,2,고려,해석형,왕,,,,
33,19,2,고려,공간구분형,사건,,,,
33,20,2,고려,해석형,인물,,,,
33,21,1,복합,국가구분형,국가,,,,
33,22,2,조선,암기형,문화,,,,
33,23,2,조선,시기구분형,사건,,,,
33,24,2,조선,해석형,제도,,,,
33,25,3,조선,테마형,단체,,,,
33,26,3,조선,해석형,사건,,,,
33,27,1,조선,테마형,제도,,,,
33,28,2,조선,해석형,단체,,,,
33,29,2,조선,해석형,제도,,,,
33,30,2,조선,해석형,인물,,,,
33,31,2,근대조선,해석형,사건,,,,
33,32,2,근대조선,시기구분형,사건,,,,
33,33,1,근대조선,해석형,사건,,,,
33,34,3,근대조선,해석형,사건,,,,
33,35,2,근대조선,정리형,경제,,,,
33,36,2,근대조선,해석형,사건,,,,
33,37,3,근대조선,테마형,문화,,,,
33,38,2,근대조선,해석형,단체,,,,
33,39,1,근대조선,해석형,복합,,,,
33,40,2,근대조선,공간구분형,복합,,,,
33,41,2,일제강점기,해석형,단체,,,,
33,42,1,일제강점기,시기구분형,제도,,,,
33,43,1,일제강점기,해석형,사건,,,,
33,44,2,일제강점기,시기구분형,경제,,,,
33,45,3,일제강점기,시기구분형,사건,,,,
33,46,2,일제강점기,해석형,단체,,,,
33,47,3,해방이후,해석형,인물,,,,
33,48,2,해방이후,해석형,사건,,,,
33,49,2,해방이후,시기구분형,제도,,,,
33,50,2,해방이후,해석형,사건,,,,
34,1,1,전삼국,시기구분형,사건,,,,
34,2,2,전삼국,국가구분형,국가,,,,
34,3,2,전삼국,해석형,국가,,,,
34,4,2,삼국,국가구분형,문화,,,,
34,5,2,삼국,해석형,왕,,,,
34,6,3,삼국,암기형,인물,,,,
34,7,2,삼국,공간구분형,문화,,,,
34,8,3,삼국,암기형,문화,,,,
34,9,2,삼국,암기형,단체,,,,
34,10,1,삼국,시기구분형,사건,,,,
34,11,3,남북국,시기구분형,인물,,,,
34,12,1,남북국,해석형,문화,,,,
34,13,2,남북국,정리형,인물,,,,
34,14,3,고려,시기구분형,제도,,,,
34,15,2,고려,암기형,왕,,,,
34,16,2,고려,해석형,문화,,,,
34,17,2,고려,해석형,인물,,,,
34,18,2,고려,테마형,단체,,,,
34,19,2,고려,시기구분형,사회,,,,
34,20,1,기타,정리형,기타,,,,
34,21,2,조선,정리형,왕,,,,
34,22,2,조선,해석형,제도,,,,
34,23,2,조선,해석형,사건,,,,
34,24,3,복합,정리형,문화,,,,
34,25,1,조선,암기형,경제,,,,
34,26,3,조선,테마형,제도,,,,
34,27,2,조선,시기구분형,사건,,,,
34,28,2,조선,정리형,사건,,,,
34,29,2,조선,해석형,사회,,,,
34,30,1,복합,암기형,단체,,,,
34,31,2,조선,해석형,사건,,,,
34,32,1,근대조선,정리형,인물,,,,
34,33,3,근대조선,시기구분형,사건,,,,
34,34,2,근대조선,해석형,사건,,,,
34,35,2,근대조선,해석형,제도,,,,
34,36,3,근대조선,해석형,사건,,,,
34,37,1,복합,정리형,인물,,,,
34,38,2,근대조선,해석형,사건,,,,
34,39,2,근대조선,암기형,제도,,,,
34,40,2,근대조선,해석형,사건,,,,
34,41,2,일제강점기,시기구분형,사건,,,,
34,42,1,일제강점기,해석형,문화,,,,
34,43,2,일제강점기,시기구분형,사건,,,,
34,44,2,일제강점기,해석형,사건,,,,
34,45,3,일제강점기,해석형,사건,,,,
34,46,2,일제강점기,시기구분형,제도,,,,
34,47,3,해방이후,정리형,사건,,,,
34,48,1,해방이후,시기구분형,인물,,,,
34,49,2,해방이후,해석형,사건,,,,
34,50,2,해방이후,정리형,사건,,,,
35,1,2,전삼국,시기구분형,사회,,,,
35,2,2,삼국,국가구분형,국가,,,,
35,3,2,삼국,테마형,왕,,,,
35,4,3,삼국,시기구분형,사건,,,,
35,5,2,삼국,암기형,문화,,,,
35,6,2,복합,해석형,경제,,,,
35,7,3,삼국,테마형,문화,,,,
35,8,1,남북국,해석형,인물,,,,
35,9,1,삼국,암기형,문화,,,,
35,10,2,남북국,해석형,국가,,,,
35,11,2,남북국,해석형,왕,,,,
35,12,2,고려,테마형,사건,,,,
35,13,2,고려,해석형,제도,,,,
35,14,2,복합,공간구분형,복합,,,,
35,15,1,고려,암기형,경제,,,,
35,16,3,고려,해석형,왕,,,,
35,17,2,고려,해석형,문화,,,,
35,18,2,고려,암기형,인물,,,,
35,19,3,고려,시기구분형,사건,,,,
35,20,1,기타,정리형,기타,,,,
35,21,2,조선,테마형,왕,,,,
35,22,3,조선,해석형,인물,,,,
35,23,1,조선,해석형,제도,,,,
35,24,2,조선,정리형,왕,,,,
35,25,2,조선,해석형,제도,,,,
35,26,1,조선,해석형,사건,,,,
35,27,2,조선,해석형,왕,,,,
35,28,2,조선,해석형,경제,,,,
35,29,3,조선,해석형,문화,,,,
35,30,2,조선,해석형,사건,,,,
35,31,1,조선,해석형,제도,,,,
35,32,2,조선,정리형,인물,,,,
35,33,2,근대조선,테마형,사건,,,,
35,34,3,근대조선,해석형,사건,,,,
35,35,2,근대조선,해석형,사건,,,,
35,36,2,근대조선,시기구분형,사건,,,,
35,37,2,근대조선,해석형,제도,,,,
35,38,2,근대조선,해석형,인물,,,,
35,39,1,근대조선,암기형,문화,,,,
35,40,3,근대조선,테마형,사건,,,,
35,41,2,일제강점기,해석형,사건,,,,
35,42,2,일제강점기,테마형,단체,,,,
35,43,1,일제강점기,암기형,단체,,,,
35,44,2,복합,공간구분형,복합,,,,
35,45,2,일제강점기,해석형,제도,,,,
35,46,3,일제강점기,테마형,단체,,,,
35,47,1,해방이후,해석형,사건,,,,
35,48,2,해방이후,시기구분형,사회,,,,
35,49,3,해방이후,해석형,사건,,,,
35,50,2,해방이후,테마형,사건,,,,
36,1,1,전삼국,시기구분형,경제,기원과 형성,신석기,,
36,2,2,전삼국,국가구분형,국가,기원과 형성,"옥저,동예",,
36,3,2,삼국,해석형,왕,고대 사회,고구려 장수왕 업적,,
36,4,3,삼국,암기형,문화,고대 사회,신라 문화유산,,
36,5,3,삼국,테마형,사건,고대 사회,신라 진흥왕 업적,,
36,6,2,삼국,암기형,문화,고대 사회,가야 문화유산,가야,
36,7,2,남북국,정리형,국가,고대 사회,상수리 제도,,
36,8,2,남북국,국가구분형,경제,고대 사회,발해 경제,발해,
36,9,1,남북국,해석형,문화,고대 사회,신라말 선종,,
36,10,3,남북국,해석형,왕,고대 사회,궁예와 견훤,궁예,
36,11,2,고려,해석형,왕,고려,이자겸의 난과 묘청의 서경 천도 운동,,
36,12,1,남북국,정리형,왕,고려,광종 업적,,
36,13,2,고려,해석형,제도,고려,별무반,,
36,14,2,고려,해석형,인물,고려,최충헌,,
36,15,2,고려,시기구분형,사회,고려,원 간섭기 고려 사회,원 간섭기 고려 사회,
36,16,3,고려,해석형,사건,고려,조선 건국 과정,,
36,17,2,조선,암기형,인물,조선 전기,이황,,
36,18,2,조선,해석형,사건,조선 전기,세조,,
36,19,1,기타,암기형,기타,시대 통합,삼짇날,,
36,20,2,복합,테마형,복합,시대 통합,독도 역사,,
36,21,3,조선,해석형,왕,조선 후기,효종의 업적,,
36,22,2,조선,해석형,사건,조선 전기,정묘호란 배경,,
36,23,2,조선,해석형,제도,조선 후기,대동법,,
36,24,2,조선,정리형,인물,조선 후기,홍대용,,
36,25,3,복합,공간구분형,사건,시대 통합,각 지역의 역사,,
36,26,2,조선,해석형,제도,조선 후기,비변사,,
36,27,1,조선,테마형,사건,조선 후기,환국 정치,,
36,28,2,조선,정리형,왕,조선 후기,영조 업적,,
36,29,2,조선,해석형,사회,조선 후기,서민 문화 발전,,
36,30,2,조선,해석형,경제,조선 후기,조선 후기 경제,조선 후기 경제,
36,31,1,근대조선,해석형,사건,근대 사회,병인양요 배경,,
36,32,2,근대조선,정리형,인물,근대 사회,최익현,,
36,33,3,근대조선,시기구분형,제도,근대 사회,조선 정보의 개화 정책,,
36,34,2,근대조선,해석형,사건,근대 사회,위정척사 운동,,
36,35,2,근대조선,시기구분형,사건,근대 사회,동학 농민 운동,,
36,36,1,근대조선,정리형,단체,근대 사회,독립 협회,,
36,37,2,근대조선,해석형,사건,근대 사회,을미개혁,,
36,38,1,근대조선,해석형,사건,근대 사회,국채 보상 운동,,
36,39,3,일제강점기,해석형,제도,일제 강점기,1920년대 민족 운동,,
36,40,2,일제강점기,해석형,단체,근대 사회,신민회,,
36,41,2,일제강점기,해석형,단체,일제 강점기,조선어 학회,,
36,42,1,일제강점기,암기형,단체,일제 강점기,형평 운동,,
36,43,2,일제강점기,해석형,사건,일제 강점기,토지 조사 사업,,
36,44,3,일제강점기,해석형,단체,일제 강점기,조선 혁명 선언,,
36,45,2,일제강점기,암기형,인물,일제 강점기,연해주에서 민족 운동,,
36,46,2,해방이후,시기구분형,경제,현대 사회,이승만 정부,,
36,47,1,해방이후,시기구분형,사건,현대 사회,6.25 전쟁,,
36,48,3,일제강점기,테마형,단체,일제 강점기,한국 독립군,,
36,49,2,해방이후,암기형,사건,현대 사회,4.19 혁명,,
36,50,2,해방이후,정리형,사건,현대 사회,김대중 정부,,
37,1,1,전삼국,시기구분형,유물,기원과 형성,청동기 시대,,
37,2,2,전삼국,국가구분형,국가,기원과 형성,고조선의 법과 사회 모습,,
37,3,2,삼국,국가구분형,국가,고대 사회,금관가야,,
37,4,3,삼국,시기구분형,사건,고대 사회,고구려 소수림왕 업적,,
37,5,3,삼국,해석형,왕,고대 사회,신라 진흥왕 업적,,
37,6,2,삼국,시기구분형,사건,고대 사회,신라의 삼국 통일 과정,,
37,7,2,남북국,해석형,제도,고대 사회,골품제,,
37,8,2,남북국,정리형,왕,고대 사회,발해 무왕 업적,,
37,9,1,삼국,암기형,문화,고대 사회,익산 미륵사지 석탑,,
37,10,2,고려,암기형,왕,고려 ,고려 태조 업적,태조,
37,11,2,남북국,국가구분형,경제,고대 사회,통일 신라의 경제,통일 신라의 경제,
37,12,2,고려,시기구분형,왕,고려,고려 공민왕 업적,,
37,13,3,고려,해석형,사건,고려 ,무신 집권기,,
37,14,1,고려,테마형,사건,고려,거란의 침입과 고려의 극복,,
37,15,2,복합,공간구분형,사건,시대 통합,강화도의 역사,,
37,16,2,복합,암기형,문화,고려,안동 복정사 극락전,,
37,17,2,고려,해석형,경제,고려,고려의 경제,,
37,18,2,고려,정리형,인물,고려,의천의 활동,,
37,19,3,조선,시기구분형,사건,조선 전기,임진왜란,,
37,20,1,조선,암기형,왕,조선 전기,세종 업적,세종,
37,21,2,조선,해석형,제도,조선 전기,향약,,
37,22,2,조선,정리형,제도,조선 전기,사헌부,,
37,23,1,기타,암기형,문화,시대 통합,입동,,
37,24,2,조선,정리형,왕,조선 전기,태종 업적,,
37,25,3,조선,해석형,사건,조선 후기,영조 업적,,
37,26,2,조선,해석형,인물,조선 후기,정약용 활동,,
37,27,2,조선,해석형,제도,조선 후기,균역법,,
37,28,2,조선,시기구분형,경제,조선 후기,조선 후기 경제,조선 후기 경제,
37,29,2,조선,해석형,인물,조선 후기,정제두,,
37,30,1,조선,해석형,인물,조선 후기,김홍도 풍속화,풍속화,
37,31,1,근대조선,암기형,사건,근대 사회,강화도 조약,,
37,32,2,근대조선,정리형,단체,근대 사회,신문의 발행,,
37,33,2,근대조선,암기형,제도,근대 사회,육영 공원,,
37,34,3,근대조선,해석형,사건,근대 사회,"한일 의정서, 제1차 한일 협약",,
37,35,2,근대조선,정리형,제도,근대 사회,제1차 갑오개혁,,
37,36,1,일제강점기,해석형,경제,일제 강점기,물산 장려 운동,,
37,37,3,일제강점기,해석형,단체,일제 강점기,의열단,,
37,38,2,일제강점기,암기형,인물,일제 강점기,이상재,,
37,39,2,일제강점기,암기형,사건,일제 강점기,농민 운동과 노동 운동,,
37,40,2,일제강점기,테마형,단체,일제 강점기,청산리 전투,,
37,41,3,일제강점기,암기형,인물,일제 강점기,신채호,,
37,42,1,일제강점기,시기구분형,사회,일제 강점기,1930년대 이후 일제의 민족 말살 통치,,
37,43,2,일제강점기,암기형,단체,일제 강점기,천도교,,
37,44,2,일제강점기,해석형,단체,일제 강점기,한국 광복군,,
37,45,2,해방이후,해석형,단체,현대 사회,좌우 합작 위원회,,
37,46,3,해방이후,암기형,사건,현대 사회,단독 정부 수립 반대 운동,,
37,47,1,해방이후,정리형,사건,현대 사회,박정희 정부,,
37,48,3,해방이후,시기구분형,사건,현대 사회,박정희 정부,,
37,49,2,해방이후,해석형,사건,현대 사회,5.18 민주화 운동,,
37,50,2,해방이후,정리형,사건,현대 사회,노태우 정부,,
38,1,1,전삼국,시기구분형,사회,기원과 형성,구석기 시대,,
38,2,2,삼국,시기구분형,사건,고대 사회,연개소문의 정변,,
38,3,3,전삼국,국가구분형,국가,기원과 형성,부여와 고구려의 사회 모습,,
38,4,2,남북국,해석형,인물,고대 사회,원효,,
38,5,2,삼국,정리형,문화,고대 사회,삼국의 무덤 양식,,
38,6,2,삼국,해석형,문화,고대 사회,가야 문화유산,가야,
38,7,3,삼국,시기구분형,사건,고대 사회,5세기 삼국의 형세,,
38,8,2,남북국,암기형,제도,고대 사회,통일 신라의 토지 제도,통일 신라의 경제,
38,9,1,남북국,정리형,왕,고대 사회,발해 문왕 업적,,
38,10,2,남북국,해석형,제도,고대 사회,통일 신라의 지방 행정 조직,통일 신라의 경제,
38,11,2,고려,해석형,인물,고대 사회,견훤,,
38,12,2,고려,시기구분형,제도,고려,전시과 제도,전시과 제도,
38,13,3,고려,해석형,단체,고려,삼벌초의 대몽 항쟁,,
38,14,2,고려,암기형,문화,고려,고려의 역사서,,
38,15,1,고려,테마형,제도,고려,전민변정도감,,
38,16,2,조선,암기형,문화,조선 전기,성종 대의 사회 모습,,
38,17,1,조선,암기형,제도,조선 전기,정도전,,
38,18,2,조선,해석형,사건,조선 전기,갑자사화,,
38,19,1,조선,암기형,경제,조선 후기,시전 상인,,
38,20,3,조선,해석형,사건,조선 전기,병자호란,,
38,21,2,조선,정리형,경제,조선 후기,대동법,,
38,22,2,조선,해석형,사회,조선 후기,풍속화 유행,풍속화,
38,23,2,근대조선,시기구분형,사건,근대 사회,오페르토 도굴 사건,,
38,24,3,조선,테마형,왕,조선 후기,영조의 개혁 정치 ,,
38,25,2,조선,해석형,인물,조선 후기,박지원,,
38,26,2,조선,해석형,제도,조선 후기,훈련도감,,
38,27,1,근대조선,해석형,제도,근대 사회,"조,미 수호 통상 조약",,
38,28,2,근대조선,해석형,사건,조선 후기,신유박해,,
38,29,3,근대조선,해석형,사건,근대 사회,동학 농민 운동,,
38,30,2,근대조선,해석형,사건,근대 사회,임오군란,임오군란,
38,31,2,근대조선,공간구분형,사건,시대 통합,각 지역의 역사,,
38,32,3,근대조선,시기구분형,사건,근대 사회,조선 개화 정책,,
38,33,2,근대조선,해석형,사건,근대 사회,대한 제국과 광무개혁,,
38,34,2,일제강점기,암기형,인물,근대 사회,주시경,,
38,35,1,일제강점기,해석형,단체,근대 사회,신민회,,
38,36,2,일제강점기,공간구분형,단체,일제 강점기,서간도에서 민족 운동,,
38,37,1,일제강점기,시기구분형,사건,일제 강점기,1920년대 무장 독립 운동,,
38,38,2,일제강점기,해석형,단체,일제 강점기,대종교,,
38,39,3,일제강점기,해석형,사건,일제 강점기,대종교,,
38,40,1,일제강점기,해석형,사건,일제 강점기,광주 학생 항일 운동,광주 학생 항일 운동,
38,41,2,일제강점기,암기형,문화,일제 강점기,"박은식, 백남운 ",,
38,42,2,일제강점기,해석형,인물,일제 강점기,지청천,,
38,43,2,일제강점기,해석형,단체,일제 강점기,한인 애국단,,
38,44,2,일제강점기,시기구분형,사회,일제 강점기,1930년대 이후 일제의 민족 말살 통치,,
38,45,3,해방이후,해석형,인물,현대 사회,여운형,,
38,46,2,해방이후,시기구분형,사건,현대 사회,이승만 정부,,
38,47,1,해방이후,암기형,제도,현대 사회,5.10 총선거,,
38,48,3,해방이후,시기구분형,사건,현대 사회,1970년대 이후 경제 발전,,
38,49,2,해방이후,정리형,인물,현대 사회,"김영삼 정부, 김대중 정부",김영삼 정부,
38,50,2,해방이후,해석형,사건,현대 사회,6월 민주 항쟁,,
39,1,1,전삼국,시기구분형,문화,기원과 형성,청동기 시대,,
39,2,2,전삼국,국가구분형,국가,기원과 형성,"고구려, 삼한",,
39,3,2,전삼국,해석형,제도,기원과 형성,고조선,,
39,4,1,삼국,암기형,제도,고대 사회,진대법,,
39,5,2,삼국,시기구분형,사건,고대 사회,고구려 광개토 대왕 업적,,
39,6,3,삼국,시기구분형,사건,고대 사회,백제의 수도 변천,,
39,7,2,남북국,해석형,사회,고대 사회,신라 말의 사회 혼란,신라 말의 혼란,
39,8,2,남북국,해석형,왕,고대 사회,신라 신문왕 업적 ,,
39,9,2,남북국,해석형,경제,고대 사회,발해의 사회 모습,발해,
39,10,3,고려,해석형,왕,고려,"고려 태조 업적, 광종 업적",태조,
39,11,2,삼국,암기형,문화,고대 사회,백제의 문화유산,,
39,12,1,고려,테마형,인물,고려,지눌,,
39,13,3,고려,시기구분형,사건,고려,거란의 2차 침입,,
39,14,2,고려,정리형,제도,고려,관학 진흥책,,
39,15,3,고려,해석형,인물,고려,최우,,
39,16,2,고려,시기구분형,사건,고려,원 간섭기 사회 모습,원 간섭기 고려 사회,
39,17,1,고려,시기구분형,문화,고려,고려의 문화유산,,
39,18,2,조선,해석형,제도,조선 전기,유향소,,
39,19,2,조선,테마형,복합,조선 전기,여진과의 관계,,
39,20,2,조선,해석형,제도,조선 전기,서원,,
39,21,3,조선,암기형,문화,조선 전기,이이,,
39,22,1,조선,시기구분형,사회,조선 후기,공노비 해방,,
39,23,2,조선,해석형,인물,조선 전기,조광조,,
39,24,3,복합,정리형,복합,시대 통합,덕수궁,,
39,25,2,조선,암기형,왕,조선 전기,세종 업적,세종,
39,26,2,조선,암기형,왕,조선 전기,인조 업적,인조,
39,27,2,조선,정리형,사건,조선 전기,임진왜란,,
39,28,2,조선,암기형,왕,조선 후기,정조 업적,,
39,29,1,조선,암기형,인물,조선 후기,김정희,,
39,30,2,조선,정리형,사건,조선 후기,환국의 전개,,
39,31,2,조선,암기형,문화,조선 후기,신윤복 풍속화,풍속화,
39,32,2,근대조선,해석형,사건,근대 사회,갑신정변의 전개 과정,갑신정변,
39,33,3,근대조선,해석형,사건,근대 사회,위정척사 운동,,
39,34,1,근대조선,정리형,인물,근대 사회,흥선 대원군의 개혁 정치,흥선 대원군,
39,35,2,근대조선,테마형,단체,일제 강점기,대한 광복회,,
39,36,2,근대조선,암기형,단체,근대 사회,경제적 구국 운동,,
39,37,1,근대조선,시기구분형,사건,근대 사회,거문도 사건,,
39,38,2,일제강점기,정리형,단체,일제 강점기,대한민국 임시 정부,,
39,39,2,일제강점기,시기구분형,제도,일제 강점기,1910년대  일제의 식민지 통치,,
39,40,3,일제강점기,시기구분형,사건,일제 강점기,"6.10 만세 운동, 광주 학생 항일 운동",광주 학생 항일 운동,
39,41,2,일제강점기,해석형,사건,일제 강점기,1930년대 노동 운동,,
39,42,1,일제강점기,암기형,단체,일제 강점기,1920년대 소년 운동,,
39,43,2,일제강점기,암기형,경제,일제 강점기,1910년대  일제의 식민지 통치,,
39,44,2,일제강점기,시기구분형,복합,일제 강점기,1930년대 후반 이후 병참 기지화 정책,,
39,45,2,일제강점기,해석형,인물,일제 강점기,윤동주,,
39,46,3,해방이후,암기형,사건,현대 사회,제주 4.3 사건,,
39,47,2,해방이후,정리형,사건,현대 사회,박정희 정부,,
39,48,2,해방이후,해석형,사건,현대 사회,5.18 민주화 운동,,
39,49,3,해방이후,시기구분형,사건,현대 사회,6.25 전쟁,,
39,50,1,해방이후,해석형,경제,현대 사회,김영삼 정부 ,김영삼 정부 ,
40,1,1,전삼국,시기구분형,유물,기원과 형성,신석기 시대,,
40,2,2,전삼국,국가구분형,국가,기원과 형성,부여,,
40,3,2,삼국,국가구분형,국가,고대 사회,가야의 발전과 사회 모습,가야,
40,4,3,삼국,시기구분형,왕,고대 사회,고구려 장수왕 업적,,
40,5,2,삼국,암기형,왕,고대 사회,신라 진흥왕 업적,,
40,6,1,남북국,해석형,국가,고대 사회,발해 제도,발해,
40,7,3,삼국,해석형,왕,고대 사회,신라 문무왕 업적,,
40,8,2,삼국,해석형,문화,고대 사회,백제의 문화유산,,
40,9,2,삼국,정리형,문화,고대 사회,신라 승려들의 활동,,
40,10,3,고려,해석형,왕,고대 사회,궁예,궁예,
40,11,2,고려,해석형,사건,고려,고려와 여진의 관계,,
40,12,1,고려,해석형,사건,고려,묘청의 서경 천도 운동,,
40,13,2,고려,테마형,제도,고려,전시과 제도와 과전법,전시과 제도,
40,14,2,고려,해석형,왕,고려,공민왕 업적,,
40,15,1,고려,암기형,문화,고려,고려의 탑,,
40,16,2,고려,정리형,인물,고려,요세,,
40,17,2,조선,해석형,왕,조선 전기,태조 집권 시기의 사회 모습,태조,
40,18,2,고려,암기형,제도,고려,고려 시대 민생 안정책,,
40,19,2,조선,암기형,왕,조선 전기,세종 대 과학 기술의 발달,세종,과학
40,20,3,조선,해석형,왕,조선 전기,세조의 정책,,
40,21,2,조선,해석형,사회,조선 후기,중인 계층의 특징,,
40,22,1,조선,해석형,문화,조선 후기,정선 작품의 특징,,
40,23,2,조선,정리형,제도,조선 전기,홍문관,,
40,24,3,조선,해석형,사회,조선 후기,조선 후기 경제,조선 후기 경제,
40,25,2,조선,해석형,사건,조선 전기,인조반정의 배경,인조,
40,26,2,조선,해석형,제도,조선 후기,비변사,,
40,27,1,조선,해석형,사건,조선 후기,진주 농민 봉기,,
40,28,3,조선,시기구분형,사건,조선 후기,나선 정벌,,
40,29,2,근대조선,정리형,인물,조선 후기,박제가 ,,
40,30,2,근대조선,해석형,사건,근대 사회,병인양요,,
40,31,2,근대조선,해석형,사건,근대 사회,갑신정변,갑신정변,
40,32,2,근대조선,해석형,사건,근대 사회,임오군란 결과,임오군란,
40,33,3,근대조선,암기형,사회,근대 사회,근대 문물의 수용,,
40,34,2,근대조선,해석형,사건,근대 사회,제2차 갑오개혁,,
40,35,1,근대조선,해석형,단체,근대 사회,독립 협회,,
40,36,1,근대조선,해석형,사건,근대 사회,13도 연합 의병 부대의 활동,,
40,37,3,일제강점기,공간구분형,단체,일제 강점기,1910년대 국외 독립 운동,,
40,38,2,일제강점기,해석형,사건,일제 강점기,물산 장려 운동,,
40,39,2,일제강점기,시기구분형,문화,일제 강점기,1920년대 소년 운동,,
40,40,2,일제강점기,해석형,사건,일제 강점기,6.10 만세 운동 ,,
40,41,2,일제강점기,정리형,사회,일제 강점기,1930년대 이후 일제의 민족 말살 통치,,
40,42,3,일제강점기,암기형,단체,일제 강점기,조선학 운동,,
40,43,2,일제강점기,정리형,단체,일제 강점기,조선 혁명군,,
40,44,2,일제강점기,암기형,인물,일제 강점기,장준하,,
40,45,2,해방이후,해석형,사건,현대 사회,김종필. 오히라 메모 ,,
40,46,1,해방이후,해석형,경제,현대 사회,박정희 정부,,
40,47,3,해방이후,정리형,제도,현대 사회,헌법의 변천 과정,,
40,48,1,해방이후,공간구분형,복합,시대 통합,인천의 역사,,
40,49,2,해방이후,해석형,사건,현대 사회,4.19 혁명,,
40,50,2,해방이후,정리형,사건,현대 사회,통일을 위한 노래,,
41,1,1,전삼국,시기구분형,사회,기원과 형성,청동기 시대,,
41,2,3,전삼국,해석형,인물,기원과 형성,위만,,
41,3,1,전삼국,암기형,사회,기원과 형성,고구려와 옥저의 사회 모습,,
41,4,2,삼국,해석형,문화,고대 사회,대가야의 문화유산,대가야,
41,5,3,삼국,해석형,사건,고대 사회,고구려 광개토 대왕 업적,,
41,6,2,삼국,공간구분형,문화,고대 사회,백제의 문화유산,,
41,7,1,삼국,해석형,인물,고대 사회,김유신,,
41,8,2,남북국,해석형,사건,고대 사회,무왕 시기 발해와 당의 관계,발해,
41,9,2,남북국,해석형,인물,고대 사회,의상,,
41,10,2,남북국,시기구분형,사건,고대 사회,신라 말 각 지역의 봉기,신라 말의 혼란,
41,11,3,고려,시기구분형,사건,고려,고려의 후삼국 통일 과정,,
41,12,1,고려,해석형,제도,고려,고려 성종 업적,,
41,13,2,고려,시기구분형,사건,고려,무신 집권기 하층민의 봉기,,
41,14,2,고려,암기형,사건,고려,고려와 거란의 관계,,
41,15,2,고려,해석형,인물,고려,의천,,
41,16,2,고려,테마형,제도,고려,고려의 관리 등용 제도,,
41,17,2,복합,테마형,문화,고려,고려와 몽골의 교류,,
41,18,2,고려,해석형,경제,고려,고려의 화폐,,
41,19,2,조선,테마형,왕,조선 전기,태종 업적,,
41,20,3,복합,공간구분형,문화,시대 통합,각 지역에 있는 사찰의 특징,,
41,21,1,조선,해석형,제도,시대 통합,종묘,,
41,22,2,조선,암기형,사건,조선 전기,명종 집권기의 사회 모습,,
41,23,2,조선,시기구분형,사건,조선 전기,임진왜란,,
41,24,3,조선,해석형,인물,조선 후기,정약용,,
41,25,2,조선,해석형,제도,조선 후기,균역법,,
41,26,2,조선,해석형,문화,조선 전기,조선 통신사,,
41,27,2,조선,해석형,제도,조선 전기,사헌부,,
41,28,3,조선,암기형,사건,조선 후기,윤휴,,
41,29,1,조선,해석형,사건,조선 후기,홍경래의 난,,
41,30,2,조선,해석형,경제,조선 후기,조선 후기 경제. 사회 변화,조선 후기 경제,
41,31,2,근대조선,해석형,사건,근대 사회,통상 수교 거부 정책,,
41,32,3,근대조선,해석형,사건,근대 사회,조.미 수호 통상 조약,,
41,33,2,근대조선,해석형,인물,근대 사회,동학 농민 운동,,
41,34,1,근대조선,해석형,인물,근대 사회,이준,,
41,35,2,근대조선,시기구분형,왕,근대 사회,광무개혁,,
41,36,3,일제강점기,시기구분형,단체,일제 강점기,대한민국 임시 정부,,
41,37,1,일제강점기,해석형,인물,일제 강점기,의열단,,
41,38,2,일제강점기,암기형,단체,일제 강점기,1910년대 국외 독립 운동,,
41,39,2,일제강점기,암기형,인물,일제 강점기,지청천,,
41,40,2,일제강점기,해석형,인물,일제 강점기,박은식,박은식 ,
41,41,3,일제강점기,암기형,경제,일제 강점기,원산 노동자 총파업,,
41,42,2,일제강점기,테마형,단체,일제 강점기,조선 의용대,,
41,43,1,일제강점기,암기형,단체,일제 강점기,대종교,,
41,44,2,일제강점기,시기구분형,제도,일제 강점기,조선 사상범 예방 구금령,,
41,45,2,일제강점기,해석형,문화,일제 강점기,이기영,,
41,46,2,해방이후,시기구분형,제도,현대 사회,이승만 정부,,
41,47,2,해방이후,시기구분형,제도,현대 사회,전두환 정부,,
41,48,3,해방이후,시기구분형,사건,현대 사회,대한민국 임시 정부,,
41,49,2,해방이후,해석형,사건,현대 사회,박정희 정부,,
41,50,1,해방이후,정리형,제도,현대 사회,김대중 정부,,
42,1,1,전삼국,시기구분형,사회,기원과 형성,구석기 시대,,
42,2,2,전삼국,시기구분형,국가,기원과 형성,위만 조선,,
42,3,3,삼국,국가구분형,사회,기원과 형성,"옥저, 동예",,
42,4,2,삼국,해석형,문화,고대 사회,금관가야,,
42,5,2,삼국,정리형,왕,고대 사회,신라 지증왕의 업적,,
42,6,3,삼국,해석형,사건,고대 사회,신라의 삼국 통일 과정,,
42,7,1,삼국,암기형,문화,고대 사회,고구려의 고분 벽화,,
42,8,2,삼국,해석형,사건,고대 사회,백제 의자왕 업적,,
42,9,2,남북국,해석형,왕,고대 사회,신라 신문왕 업적 ,,
42,10,2,남북국,암기형,문화,고대 사회,발해의 문화유산,발해,
42,11,2,고려,시기구분형,사건,고대 사회,견훤,견훤,
42,12,1,고려,해석형,제도,고려,고려의 경제,,
42,13,2,고려,정리형,왕,고려,태조 업적,태조,
42,14,3,고려,시기구분형,사건,고려,고려의 대외 관계,,
42,15,1,고려,암기형,문화,고려,논산 관촉사 석조 미륵보살 입상,,
42,16,3,고려,해석형,사건,고려,몽골의 침입과 항쟁,,
42,17,2,조선,테마형,제도,조선 전기,승정원,,
42,18,2,고려,시기구분형,문화,고려,고려 말의 사건,,
42,19,2,복합,공간구분형,복합,시대 통합,개성의 역사,,
42,20,2,조선,정리형,문화,조선 전기,과학 기술의 발달,과학,
42,21,2,조선,해석형,제도,조선 전기,"수령, 향리",,
42,22,2,조선,시기구분형,사건,조선 전기,기묘사화,,
42,23,1,조선,해석형,제도,조선 전기,성균관,,
42,24,2,조선,해석형,왕,조선 후기,효종 업적,,
42,25,3,조선,해석형,사건,조선 후기,기사환국,,
42,26,2,조선,해석형,제도,조선 후기,대동법,,
42,27,3,조선,해석형,인물,조선 후기,홍대용,,
42,28,1,조선,해석형,사건,조선 후기,천주교,,
42,29,2,조선,해석형,경제,조선 후기,조선 후기 경제,조선 후기 경제,
42,30,2,근대조선,해석형,사건,조선 후기,진주 농민 봉기,,
42,31,3,근대조선,해석형,제도,근대 사회,통리기무아문,,
42,32,2,근대조선,정리형,인물,시대 통합,인물로 보는 우리 역사,,
42,33,2,근대조선,시기구분형,사건,근대 사회,을미사변,,
42,34,2,근대조선,정리형,왕,근대 사회,대한 제국,,
42,35,1,근대조선,해석형,단체,근대 사회,대한매일신보,,
42,36,2,근대조선,시기구분형,사건,근대 사회,을사늑약 체결에 대한 반발,,
42,37,3,일제강점기,정리형,단체,일제 강점기,국외 독립운동 단체,,
42,38,2,일제강점기,해석형,사건,일제 강점기,3.1 운동,,
42,39,2,일제강점기,해석형,사건,일제 강점기,신간회,,
42,40,1,일제강점기,해석형,사회,일제 강점기,1920년대 문화 통치,,
42,41,2,일제강점기,정리형,문화,일제 강점기,일제 강점기 종교계의 저항,,
42,42,1,일제강점기,해석형,단체,일제 강점기,한인 애국단,,
42,43,2,일제강점기,정리형,인물,일제 강점기,백남운,,
42,44,2,일제강점기,시기구분형,사건,일제 강점기,1930년대 이후의 사건,,
42,45,2,해방이후,정리형,사건,현대 사회,제헌 국회의 활동,,
42,46,3,해방이후,해석형,인물,현대 사회,김규식,,
42,47,2,해방이후,해석형,제도,현대 사회,휴전 협정,,
42,48,3,해방이후,해석형,사건,현대 사회,박정희 정부,,
42,49,1,해방이후,해석형,사건,현대 사회,6월 민주 항쟁,,
42,50,2,해방이후,정리형,사건,현대 사회,노태우 정부,,
43,1,1,전삼국,시기구분형,유물,기원과 형성,신석기 시대,,
43,2,2,전삼국,국가구분형,국가,기원과 형성,부여,,
43,3,2,삼국,암기형,문화,기원과 형성,고구의 문화 유산,,
43,4,2,삼국,해석형,왕,고대 사회,신라 법흥왕 업적,,
43,5,1,삼국,국가구분형,국가,고대 사회,대가야,대가야,
43,6,2,남북국,정리형,왕,고대 사회,발해 무왕 업적,발해,
43,7,3,남북국,시기구분형,사건,고대 사회,백제 부흥 운동,,
43,8,2,남북국,해석형,사회,고대 사회,골품제,,
43,9,2,남북국,해석형,인물,고대 사회,최치원,,
43,10,3,남북국,암기형,문화,고대 사회,경주 감은사지 3층 석탑,,
43,11,2,고려,정리형,왕,고려,광종 업적,,
43,12,2,남북국,해석형,왕,고대 사회,궁예,,
43,13,3,고려,시기구분형,사건,고려,여진과의 관계,,
43,14,2,고려,해석형,제도,고려,관학 진흥책,,
43,15,3,고려,해석형,경제,고려,고려의 경제,,
43,16,1,고려,정리형,인물,고려,지눌,,
43,17,2,고려,해석형,사회,고려,원 간섭기 사회 모습,,
43,18,2,고려,암기형,인물,고려,삼국유사,,
43,19,2,조선,해석형,제도,조선 전기,사헌부,,
43,20,1,조선,해석형,왕,조선 전기,조선 세종 업적,세종,
43,21,3,조선,해석형,제도,조선 전기,직전법,,
43,22,2,조선,암기형,왕,조선 전기,성종 업적,,
43,23,2,조선,암기형,인물,조선 전기,이황,,
43,24,2,조선,해석형,제도,조선 전기,훈련도감,,
43,25,2,조선,해석형,사건,조선 전기,병자호란,,
43,26,2,조선,정리형,사건,조선 후기,예송,,
43,27,2,조선,정리형,왕,조선 후기,영조 업적,,
43,28,1,조선,해석형,인물,조선 후기,박지원 ,,
43,29,2,조선,시기구분형,사회,조선 후기,세도 정치기,,
43,30,1,조선,암기형,인물,조선 후기,김흥도 풍속화,풍속화,
43,31,2,근대조선,해석형,인물,근대 사회,흥선 대원군의 정책,흥선 대원군,
43,32,3,근대조선,공간구분형,복합,시대 통합,평양의 역사,,
43,33,2,근대조선,해석형,사건,근대 사회,강화도 조약,,
43,34,3,근대조선,시기구분형,사건,근대 사회,개화 정책의 추진과 반발,,
43,35,2,근대조선,해석형,단체,근대 사회,"영선사, 보빙사",,
43,36,2,근대조선,시기구분형,사건,근대 사회,동학 농민 운동,,
43,37,1,근대조선,정리형,인물,근대 사회,을미의병,,
43,38,2,근대조선,해석형,사건,근대 사회,독립 협회,,
43,39,3,일제강점기,해석형,단체,일제 강점기,조선 의용대,,
43,40,3,일제강점기,해석형,제도,일제 강점기,충칭 시기 임시 정부,,
43,41,2,일제강점기,해석형,인물,일제 강점기,홍범도,,
43,42,1,일제강점기,해석형,사건,일제 강점기,6.10 만세 운동 ,6.10 만세 운동 ,
43,43,2,일제강점기,정리형,단체,일제 강점기,의열단,,
43,44,3,일제강점기,시기구분형,문화,일제 강점기,영화 '아리랑',,
43,45,1,일제강점기,시기구분형,사회,일제 강점기,1930년대 이후 일제의 민족 말살 통치,,
43,46,2,해방이후,해석형,사건,현대 사회,좌우 합작 운동,좌우 합작 위원회,
43,47,2,해방이후,해석형,사건,현대 사회,이승만 정부,,
43,48,2,해방이후,시기구분형,경제,현대 사회,박정희 정부,,
43,49,1,해방이후,정리형,사건,현대 사회,5.18 민주화 운동,,
43,50,2,해방이후,정리형,인물,현대 사회,김대중 정부,,
44,1,1,전삼국,시기구분형,사회,기원과 형성,구석기 시대,,
44,2,2,전삼국,국가구분형,국가,기원과 형성,고조선,,
44,3,2,삼국,해석형,왕,고대 사회,신라 진흥왕 업적,,
44,4,2,전삼국,국가구분형,국가,고대 사회,부여,,
44,5,3,삼국,공간구분형,유물,고대 사회,고구려의 문화유산,,
44,6,3,삼국,시기구분형,사건,고대 사회,연개소문의 정변,,
44,7,2,삼국,해석형,왕,고대 사회,백제 의자왕 업적,,
44,8,2,남북국,해석형,국가,고대 사회,발해,발해,
44,9,1,삼국,암기형,왕,고대 사회,금관가야,,
44,10,2,남북국,시기구분형,왕,고대 사회,신라 말의 혼란,신라 말의 혼란,
44,11,3,고려,시기구분형,사건,고려,고려의 후삼국 통일 과정,,
44,12,2,고려,해석형,제도,고려,"중서문하성, 어사대",,
44,13,2,고려,테마형,사건,고려,문벌 귀족 사회의 동요와 무신 정권,문벌 귀족 사회 갈등,
44,14,2,조선,암기형,왕,조선 전기,성종 업적,,
44,15,3,고려,암기형,문화,고려,승려의 활동과 불교문화,,
44,16,1,고려,시기구분형,왕,고려,공민왕 업적,,
44,17,2,고려,암기형,문화,고려,과학 기술의 발달,,
44,18,1,고려,시기구분형,경제,고려,고려 경제,,
44,19,2,조선,암기형,문화,조선 전기,김장생,,
44,20,2,복합,해석형,문화,조선 전기,서울 원각사지 10층 석탑,,
44,21,2,조선,암기형,왕,조선 전기,인조 업적,,
44,22,2,복합,공간구분형,사건,시대 통합,진주 역사,,
44,23,2,조선,정리형,왕,조선 후기,공노비 해방,,
44,24,2,조선,암기형,경제,조선 후기,사상의 성장,,
44,25,2,조선,암기형,문화,시대 통합,조선의 관찰 기록물,,
44,26,3,조선,공간구분형,문화,조선 전기,조선 전기의 건축,,
44,27,1,조선,해석형,국가,조선 전기,조선의 대일 정책,,
44,28,3,조선,해석형,단체,조선 전기,붕당 정치,,
44,29,1,근대조선,암기형,문화,조선 후기,동학,,
44,30,2,근대조선,정리형,인물,조선 후기,유형원 활동 ,,
44,31,2,근대조선,해석형,사건,근대 사회,대한 제국,,
44,32,3,근대조선,해석형,사건,근대 사회,갑신정변,갑신정변,
44,33,2,근대조선,암기형,인물,근대 사회,박정양,,
44,34,2,근대조선,해석형,사건,근대 사회,임오군란,,
44,35,1,복합,암기형,사건,시대 통합,덕수궁,,
44,36,2,근대조선,암기형,제도,근대 사회,군국기무처,,
44,37,2,복합,공간구분형,단체,일제 강점기,간도 지역의 독립운동,,
44,38,3,일제강점기,해석형,단체,일제 강점기,김원봉,,
44,39,2,일제강점기,시기구분형,사건,일제 강점기,민족 유일당 운동의 전개,,
44,40,1,일제강점기,암기형,단체,일제 강점기,한국광복군,,
44,41,2,일제강점기,시기구분형,제도,일제 강점기,1910년대 무단 통치,,
44,42,3,일제강점기,해석형,인물,일제 강점기,최재형,,
44,43,2,일제강점기,정리형,단체,일제 강점기,한국 독립군,,
44,44,2,해방이후,시기구분형,사건,현대 사회,대한민국 정부 수립,,
44,45,1,일제강점기,해석형,단체,일제 강점기,조선어 학회,,
44,46,3,일제강점기,시기구분형,사회,일제 강점기,1930년대 이후 전시 동원 체제,,
44,47,2,해방이후,암기형,사건,현대 사회,발췌 개헌,,
44,48,2,해방이후,암기형,사건,현대 사회,전두환 정부,,
44,49,2,해방이후,해석형,사건,현대 사회,박정희 정부,,
44,50,1,해방이후,정리형,단체,현대 사회,노무현 정부,,
45,1,1,전삼국,시기구분형,유물,기원과 형성,청동기 시대,,
45,2,1,전삼국,국가구분형,국가,기원과 형성,동예,,
45,3,2,삼국,국가구분형,국가,고대 사회,대가야,,
45,4,3,삼국,시기구분형,사건,고대 사회,고구려의 성장,,
45,5,1,삼국,해석형,문화,고대 사회,백제의 도교 문화,,
45,6,2,삼국,해석형,왕,고대 사회,백제 성왕 업적,,
45,7,2,남북국,해석형,국가,고대 사회,발해 발전,발해,
45,8,2,복합,해석형,문화,고대 사회,선종 성장 ,,
45,9,1,복합,공간구분형,사건,시대 통합,독도의 역사,,
45,10,3,고려,해석형,인물,고대 사회,궁예,,
45,11,2,고려,해석형,왕,고려,공민왕 업적,,
45,12,1,고려,암기형,문화,고려,고려청자,,
45,13,3,고려,시기구분형,사건,고려,고려의 정치 변동,,
45,14,2,고려,해석형,문화,고려,삼국사기,,
45,15,2,고려,시기구분형,사건,고려,귀주 대첩,,
45,16,2,복합,공간구분형,사건,시대 통합,대구의 역사,,
45,17,2,복합,공간구분형,사건,시대 통합,여러 섬의 역사,,
45,18,2,고려,해석형,인물,고려,숙종 시기의 경제,,
45,19,2,고려,해석형,사건,고려,문벌 귀족 사회의 갈등 ,문벌 귀족 사회 갈등,
45,20,3,조선,시기구분형,제도,고려,고려의 멸망,,
45,21,2,조선,암기형,인물,조선 전기,김종직,,
45,22,1,조선,암기형,제도,시대 통합,중인 계층의 특징,,
45,23,1,조선,시기구분형,사건,조선 전기,제1차 왕자의 난,,
45,24,2,조선,암기형,사건,조선 전기,임진왜란,,
45,25,2,조선,암기형,문화,조선 후기,보은 법주사 팔상전,,
45,26,3,조선,해석형,사건,조선 후기,기사환국,,
45,27,2,조선,해석형,경제,조선 후기,조선 후기 경제,,
45,28,2,조선,정리형,왕,조선 후기,정조 업적,,
45,29,3,조선,암기형,왕,조선 전기,을사사화,,
45,30,2,복합,암기형,문화,시대 통합,유두,,
45,31,2,근대조선,해석형,경제,근대 사회,강화도 조약,,
45,32,2,근대조선,시기구분형,사건,근대 사회,정미의병,,
45,33,1,근대조선,암기형,단체,근대 사회,신민회,,
45,34,2,근대조선,암기형,사건,근대 사회,갑신정변,,
45,35,1,근대조선,암기형,사건,근대 사회,동학 농민 운동,,
45,36,2,일제강점기,해석형,사건,일제 강점기,광주 학생 항일 운동,,
45,37,3,근대조선,시기구분형,문화,근대 사회,"독립 협회, 대한 제국",대한 제국,
45,38,2,일제강점기,암기형,단체,일제 강점기,대종교,,
45,39,2,일제강점기,해석형,단체,일제 강점기,의열단,,
45,40,2,일제강점기,시기구분형,사회,일제 강점기,1930년대 이후 전시 동원 체제,,
45,41,3,일제강점기,암기형,단체,일제 강점기,대한 광복회,,
45,42,2,일제강점기,시기구분형,사건,일제 강점기,국민 대표 회의,,
45,43,2,일제강점기,시기구분형,사회,일제 강점기,1920년대 문화 통치,,
45,44,1,일제강점기,해석형,단체,일제 강점기,신간회,,
45,45,3,일제강점기,암기형,인물,일제 강점기,김원봉,,
45,46,2,해방이후,해석형,사건,현대 사회,사사오입 개헌,,
45,47,3,해방이후,해석형,사건,현대 사회,한.일 국교 정상화,,
45,48,2,해방이후,시기구분형,사건,현대 사회,박정희 정부,,
45,49,2,해방이후,암기형,사건,현대 사회,6월 민주 항쟁,,
45,50,2,해방이후,암기형,사건,현대 사회,노태우 정부,,
46,1,1,전삼국,시기구분형,유물,기원과 형성,신석기 시대,,
46,2,2,삼국,국가구분형,국가,기원과 형성,"옥저, 고구려",,
46,3,2,삼국,해석형,사건,고대 사회,가야 연맹의 중심지 이동,가야,
46,4,2,삼국,해석형,왕,고대 사회,백제 무왕 업적,,
46,5,2,삼국,시기구분형,문화,고대 사회,신라 말의 사회 혼란,,
46,6,2,삼국,시기구분형,사건,고대 사회,고구려 소수림왕 업적,,
46,7,2,삼국,해석형,왕,고대 사회,신라 지증왕의 업적,,
46,8,2,남북국,암기형,왕,고대 사회,신라 신문왕 업적 ,,
46,9,1,남북국,국가구분형,문화,고대 사회,발해 발전,,
46,10,3,삼국,암기형,문화,고대 사회,경주 분황사 모전 석탑,,
46,11,3,남북국,시기구분형,사건,고려,고려의 후삼국 통일 과정,,
46,12,2,고려,해석형,왕,고려,성종 업적,,
46,13,2,고려,테마형,국가,고려,거란의 침입과 고려의 극복,,
46,14,2,복합,암기형,문화,고려,지눌 ,,
46,15,2,고려,해석형,사건,고려,몽골의 침입과 항쟁,,
46,16,1,고려,해석형,사건,고려,원 간섭기 사회 모습,,
46,17,3,복합,공간구분형,유물,시대 통합,청주 역사,,
46,18,2,고려,암기형,사회,고려,고려의 사회 제도,,
46,19,2,조선,테마형,왕,조선 전기,세종 업적,,
46,20,1,조선,테마형,제도,조선 전기,홍문관,,
46,21,3,조선,해석형,사건,조선 전기,세조 업적,,
46,22,2,조선,해석형,사건,시대 통합,천주교,,
46,23,2,조선,해석형,사건,조선 전기,기묘사화,,
46,24,2,조선,해석형,사회,조선 후기,서양 문물의 수용,,
46,25,1,조선,해석형,경제,조선 후기,대동법,,
46,26,3,조선,암기형,사건,조선 후기,영조 업적,,
46,27,2,조선,시기구분형,경제,조선 후기,조선 후기 경제,,
46,28,3,조선,해석형,사건,조선 전기,병자호란,,
46,29,2,조선,해석형,사건,조선 후기,홍경래의 난,,
46,30,1,조선,암기형,문화,조선 전기,서원,,
46,31,2,근대조선,해석형,사건,근대 사회,신미양요,,
46,32,3,근대조선,해석형,사건,근대 사회,임오군란,,
46,33,3,근대조선,해석형,단체,근대 사회,독립 협회,,
46,34,2,근대조선,암기형,제도,근대 사회,을미개혁,,
46,35,2,일제강점기,공간구분형,단체,일제 강점기,미주 지역의 독립운동,,
46,36,2,일제강점기,시기구분형,사건,일제 강점기,1920년대 무장 독립 운동,,
46,37,2,일제강점기,암기형,단체,일제 강점기,독립 의군부,,
46,38,1,일제강점기,해석형,인물,일제 강점기,안중근,,
46,39,1,일제강점기,해석형,사건,일제 강점기,3.1 운동,,
46,40,2,일제강점기,암기형,문화,일제 강점기,민족 문화 수호 운동,,
46,41,2,일제강점기,시기구분형,단체,일제 강점기,대한민국 임시 정부,,
46,42,1,일제강점기,해석형,사건,일제 강점기,물산 장려 운동,,
46,43,2,일제강점기,시기구분형,제도,일제 강점기,1910년대 무단 통치,,
46,44,1,일제강점기,해석형,단체,일제 강점기,형평 운동,,
46,45,2,일제강점기,암기형,단체,일제 강점기,조선 의용대,,
46,46,3,해방이후,테마형,제도,현대 사회,제3차 개헌,,
46,47,2,해방이후,시기구분형,사건,현대 사회,통일 정부 수립 노력,,
46,48,2,해방이후,해석형,사건,현대 사회,부.마 민주 항쟁,,
46,49,2,해방이후,해석형,사건,현대 사회,6월 민주 항쟁,,
46,50,3,해방이후,암기형,제도,현대 사회,김대중 정부,,
47,1,1,전삼국,시기구분형,유물,기원과 형성,구석기 시대,,
47,2,2,전삼국,국가구분형,국가,기원과 형성,부여,,
47,3,3,시기구분형,사건,,고대 사회,삼국의 발전,,
47,4,2,삼국,해석형,왕,고대 사회,신라 진흥왕 업적,,
47,5,2,삼국,암기형,문화,고대 사회,백제 금동 대향로,,
47,6,2,남북국,국가구분형,왕,고대 사회,발해 제도,발해,
47,7,2,삼국,시기구분형,사건,고대 사회,신라의 삼국 통일 과정,,
47,8,3,남북국,국가구분형,국가,고대 사회,통일 신라의 지방 행정 조직,,
47,9,1,남북국,해석형,인물,고대 사회,원효,,
47,10,2,남북국,국가구분형,국가,고대 사회,후백제,,
47,11,2,고려,시기구분형,왕,고려,광종 업적,,
47,12,2,고려,해석형,경제,고려,고려의 경제,,
47,13,3,고려,암기형,문화,고려,고려의 역사서,,
47,14,2,고려,시기구분형,사건,고려,묘청의 서경 천도 운동,,
47,15,1,고려,암기형,문화,고려,고려의 불상,,
47,16,1,고려,해석형,사회,고려,원 간섭기 사회 모습,,
47,17,2,조선,테마형,왕,조선 전기,세종 업적,,
47,18,2,조선,시기구분형,사건,조선 전기,조선 건국과정,,
47,19,3,조선,해석형,왕,조선 전기,성종 업적,,
47,20,2,조선,해석형,제도,조선 전기,향교,,
47,21,3,조선,해석형,사건,조선 전기,사회의 발생,,
47,22,2,조선,해석형,사건,조선 전기,임진왜란,,
47,23,2,조선,테마형,제도,조선 후기,균역법,,
47,24,1,조선,암기형,왕,조선 후기,정조 업적,,
47,25,3,조선,해석형,사회,조선 후기,향전,,
47,26,2,조선,테마형,인물,조선 후기,이익,,
47,27,1,조선,암기형,인물,조선 후기,진경 산수화,,
47,28,2,조선,해석형,사회,조선 후기,세도 정치기,,
47,29,2,근대조선,해석형,사건,근대 사회,병인양요,,
47,30,2,근대조선,시기구분형,사건,근대 사회,흥선 대원군의 정책,,
47,31,2,근대조선,해석형,사건,근대 사회,조선책략,,
47,32,1,근대조선,공간구분형,사건,시대 통합,거문도의 역사,,
47,33,3,근대조선,암기형,사건,근대 사회,갑오개혁,,
47,34,2,근대조선,시기구분형,사건,근대 사회,동학 농민 운동,,
47,35,3,근대조선,시기구분형,사건,근대 사회,"을미개혁, 을미사변, 아관파천","을미개혁, 을미사변, 아관파천",
47,36,2,근대조선,암기형,사건,근대 사회,대한 제국,,
47,37,1,근대조선,암기형,단체,근대 사회,대한매일신보,,
47,38,2,일제강점기,해석형,인물,시대 통합,안창호,,
47,39,2,일제강점기,공간구분형,단체,일제 강점기,미주 지역의 독립운동,,
47,40,1,일제강점기,해석형,단체,일제 강점기,의열단,,
47,41,2,일제강점기,해석형,사건,일제 강점기,3.1 운동,,
47,42,2,일제강점기,해석형,단체,일제 강점기,소년 운동,,
47,43,1,일제강점기,시기구분형,사회,일제 강점기,1930년대 이후 일제의 민족 말살 통치,,
47,44,2,일제강점기,테마형,단체,일제 강점기,조선 혁명군,,
47,45,3,일제강점기,해석형,사건,일제 강점기,대한민국 임시 정부,,
47,46,2,해방이후,시기구분형,사건,현대 사회,박정희 정부,,
47,47,2,해방이후,해석형,단체,현대 사회,박정희 정부,,
47,48,2,해방이후,시기구분형,사건,현대 사회,좌우 합작 위원회,좌우 합작 위원회,
47,49,3,해방이후,해석형,사건,현대 사회,전두화 정부,,
47,50,2,해방이후,암기형,제도,현대 사회,노무현 정부,,
48,1,1,전삼국,시기구분형,유물,,,,
48,2,2,삼국,국가구분형,문화,,,,
48,3,2,삼국,해석형,유물,,,,
48,4,3,삼국,시기구분형,사건,,,,
48,5,2,삼국,시기구분형,사건,,,,
48,6,2,남북국,해석형,사건,,,,
48,7,1,남북국,해석형,사회,,,,
48,8,2,남북국,해석형,국가,,,,
48,9,2,남북국,암기형,문화,,,,
48,10,3,고려,시기구분형,왕,,,,
48,11,1,고려,해석형,단체,,,,
48,12,2,고려,테마형,문화,,,,
48,13,3,고려,시기구분형,사건,,,,
48,14,1,고려,해석형,제도,,,,
48,15,2,고려,해석형,인물,,,,
48,16,2,고려,암기형,제도,,,,
48,17,2,고려,암기형,문화,,,,
48,18,2,복합,공간구분형,유물,,,,
48,19,2,조선,해석형,인물,,,,
48,20,1,조선,해석형,왕,,,,
48,21,3,조선,시기구분형,사건,,,,
48,22,3,조선,해석형,사건,,,,
48,23,2,조선,해석형,사건,,,,
48,24,2,조선,해석형,경제,,,,
48,25,2,조선,공간구분형,복합,,,,
48,26,2,조선,해석형,왕,,,,
48,27,1,근대조선,해석형,단체,,,,
48,28,2,근대조선,해석형,인물,,,,
48,29,2,근대조선,해석형,사건,,,,
48,30,2,근대조선,암기형,인물,,,,
48,31,2,근대조선,해석형,사건,,,,
48,32,2,근대조선,해석형,사건,,,,
48,33,3,근대조선,시기구분형,사건,,,,
48,34,1,일제강점기,시기구분형,사회,,,,
48,35,2,근대조선,해석형,사건,,,,
48,36,2,일제강점기,해석형,단체,,,,
48,37,3,일제강점기,암기형,인물,,,,
48,38,1,일제강점기,해석형,사건,,,,
48,39,3,일제강점기,암기형,인물,,,,
48,40,2,일제강점기,공간구분형,단체,,,,
48,41,2,일제강점기,해석형,인물,,,,
48,42,3,일제강점기,해석형,사건,,,,
48,43,1,일제강점기,해석형,사건,,,,
48,44,2,일제강점기,시기구분형,사회,,,,
48,45,2,일제강점기,해석형,단체,,,,
48,46,2,해방이후,암기형,사회,,,,
48,47,3,해방이후,시기구분형,사건,,,,
48,48,2,해방이후,시기구분형,단체,,,,
48,49,1,해방이후,해석형,사건,,,,
48,50,2,해방이후,테마형,사회,,,,
49,1,1,전삼국,시기구분형,유물,,,,
49,2,2,전삼국,국가구분형,사건,,,,
49,3,1,전삼국,국가구분형,문화,,,,
49,4,2,복합,공간구분형,사건,,,,
49,5,3,삼국,해석형,사건,,,,
49,6,2,남북국,해석형,경제,,,,
49,7,3,삼국,시기구분형,사건,,,,
49,8,2,남북국,국가구분형,국가,,,,
49,9,1,남북국,암기형,왕,,,,
49,10,2,고려,해석형,왕,,,,
49,11,2,고려,해석형,왕,,,,
49,12,3,고려,암기형,문화,,,,
49,13,1,고려,시기구분형,경제,,,,
49,14,2,고려,시기구분형,사건,,,,
49,15,2,조선,암기형,왕,,,,
49,16,2,고려,해석형,사건,,,,
49,17,2,고려,해석형,왕,,,,
49,18,2,조선,테마형,제도,,,,
49,19,2,조선,해석형,사건,,,,
49,20,3,조선,암기형,왕,,,,
49,21,2,조선,시기구분형,사건,,,,
49,22,2,조선,시기구분형,경제,,,,
49,23,1,조선,해석형,제도,,,,
49,24,3,조선,시기구분형,사건,,,,
49,25,2,조선,해석형,사건,,,,
49,26,3,조선,테마형,인물,,,,
49,27,1,조선,암기형,문화,,,,
49,28,2,조선,해석형,사건,,,,
49,29,2,근대조선,시기구분형,사건,,,,
49,30,2,근대조선,암기형,인물,,,,
49,31,2,근대조선,해석형,사건,,,,
49,32,3,복합,공간구분형,유물,,,,
49,33,1,근대조선,해석형,인물,,,,
49,34,3,근대조선,시기구분형,사건,,,,
49,35,2,근대조선,암기형,단체,,,,
49,36,2,근대조선,암기형,사회,,,,
49,37,1,근대조선,암기형,사건,,,,
49,38,2,일제강점기,테마형,인물,,,,
49,39,1,근대조선,암기형,사회,,,,
49,40,2,일제강점기,해석형,사건,,,,
49,41,2,일제강점기,공간구분형,단체,,,,
49,42,2,일제강점기,해석형,사건,,,,
49,43,1,일제강점기,시기구분형,사회,,,,
49,44,3,일제강점기,시기구분형,사건,,,,
49,45,2,일제강점기,암기형,인물,,,,
49,46,3,해방이후,시기구분형,사건,,,,
49,47,2,해방이후,시기구분형,제도,,,,
49,48,2,해방이후,테마형,제도,,,,
49,49,2,해방이후,해석형,사건,,,,
49,50,2,해방이후,테마형,사건,,,,
50,1,1,전삼국,시기구분형,유물,,,,
50,2,2,전삼국,해석형,국가,,,,
50,3,2,전삼국,국가구분형,국가,,,,
50,4,2,삼국,해석형,왕,,,,
50,5,3,삼국,시기구분형,사건,,,,
50,6,2,삼국,국가구분형,국가,,,,
50,7,2,삼국,해석형,왕,,,,
50,8,2,남북국,국가구분형,국가,,,,
50,9,3,남북국,해석형,인물,,,,
50,10,1,고려,암기형,제도,,,,
50,11,2,고려,시기구분형,제도,,,,
50,12,2,고려,해석형,유물,,,,
50,13,1,고려,해석형,왕,,,,
50,14,2,고려,암기형,문화,,,,
50,15,2,고려,해석형,인물,,,,
50,16,3,고려,시기구분형,사건,,,,
50,17,1,고려,해석형,경제,,,,
50,18,3,조선,공간구분형,사건,,,,
50,19,2,조선,해석형,국가,,,,
50,20,2,조선,암기형,인물,,,,
50,21,2,조선,암기형,제도,,,,
50,22,3,근대조선,테마형,사건,,,,
50,23,2,조선,해석형,왕,,,,
50,24,2,조선,암기형,문화,,,,
50,25,2,조선,암기형,인물,,,,
50,26,2,조선,해석형,제도,,,,
50,27,2,근대조선,시기구분형,사건,,,,
50,28,1,조선,해석형,사회,,,,
50,29,1,근대조선,해석형,인물,,,,
50,30,2,근대조선,해석형,사건,,,,
50,31,2,근대조선,해석형,사건,,,,
50,32,3,근대조선,암기형,문화,,,,
50,33,2,근대조선,테마형,사건,,,,
50,34,2,근대조선,해석형,사건,,,,
50,35,2,일제강점기,해석형,인물,,,,
50,36,1,일제강점기,해석형,단체,,,,
50,37,1,일제강점기,해석형,단체,,,,
50,38,2,일제강점기,해석형,사건,,,,
50,39,3,일제강점기,암기형,인물,,,,
50,40,3,일제강점기,암기형,사건,,,,
50,41,1,일제강점기,공간구분형,사건,,,,
50,42,1,일제강점기,암기형,문화,,,,
50,43,2,일제강점기,암기형,단체,,,,
50,44,2,일제강점기,시기구분형,사건,,,,
50,45,2,일제강점기,해석형,인물,,,,
50,46,3,해방이후,해석형,제도,,,,
50,47,2,해방이후,시기구분형,사건,,,,
50,48,3,해방이후,해석형,단체,,,,
50,49,2,해방이후,해석형,사건,,,,
50,50,2,해방이후,암기형,사건,,,,